word,confidence,bbox
Angeles,86.850616455078125,"275,86,367,114"
Phoenix,86.850616455078125,"400,86,493,107"
Diego,92.0104751586914,"537,86,606,114"
Francisco,84.595245361328125,"641,86,751,107"
Seattle,84.595245361328125,"782,86,861,107"
ALASKA,94.4168472290039,"9,142,114,163"
on,30.991363525390625,"159,149,188,163"
time,30.991363525390625,"198,144,250,163"
497,96.84052276611328,"325,142,368,163"
221,89.5201187133789,"451,142,489,163"
212,93.27372741699219,"576,142,619,163"
503,96.71810150146484,"702,142,742,163"
"1,841",93.16746520996094,"810,142,864,165"
delayed,96.88973236083984,"159,195,246,223"
62,96.7735366821289,"341,195,368,216"
12,96.09687042236328,"470,195,494,216"
20,96.5224838256836,"591,195,619,216"
102,96.67601013183594,"706,195,744,216"
305,96.62803649902344,"827,195,868,216"
AMWEST,91.790740966796875,"9,298,131,319"
on,78.516815185546875,"159,305,188,319"
time,94.26557922363281,"198,300,250,319"
694,96.69539642333984,"326,298,368,319"
"4,840",95.90345001220703,"430,293,494,330"
383,95.923980712890625,"577,298,617,319"
320,96.60149383544922,"702,298,744,319"
201,91.52945709228516,"827,298,864,319"
delayed,96.82792663574219,"159,351,246,378"
117,77.101776123046875,"330,351,368,371"
415,93.6076889038086,"450,351,493,372"
65,96.11192321777344,"591,351,618,372"
129,96.3824691772461,"706,350,744,372"
6l,76.06742095947266,"841,351,864,372"
